536412,22569,FELTCRAFT CUSHION BUTTERFLY,2,12/1/2010 11:49,3.75,17920,United Kingdom
536412,21448,12 DAISY PEGS IN WOOD BOX,2,12/1/2010 11:49,1.65,17920,United Kingdom
536412,22968,ROSE COTTAGE KEEPSAKE BOX ,4,12/1/2010 11:49,9.95,17920,United Kingdom
536412,22902,TOTE BAG I LOVE LONDON,7,12/1/2010 11:49,2.1,17920,United Kingdom
536412,21448,12 DAISY PEGS IN WOOD BOX,2,12/1/2010 11:49,1.65,17920,United Kingdom
536412,22902,TOTE BAG I LOVE LONDON,7,12/1/2010 11:49,2.1,17920,United Kingdom
536412,21710,FOLDING UMBRELLA PINKWHITE POLKADOT,1,12/1/2010 11:49,4.95,17920,United Kingdom
536412,21708,FOLDING UMBRELLA CREAM POLKADOT,1,12/1/2010 11:49,4.95,17920,United Kingdom
536412,21711,FOLDING UMBRELLA WHITE/RED POLKADOT,1,12/1/2010 11:49,4.95,17920,United Kingdom
536412,22179,SET 10 LIGHTS NIGHT OWL,2,12/1/2010 11:49,6.75,17920,United Kingdom
536412,22197,SMALL POPCORN HOLDER,5,12/1/2010 11:49,0.85,17920,United Kingdom
536412,22900, SET 2 TEA TOWELS I LOVE LONDON ,2,12/1/2010 11:49,2.95,17920,United Kingdom
536412,21706,FOLDING UMBRELLA RED/WHITE POLKADOT,1,12/1/2010 11:49,4.95,17920,United Kingdom
536412,22468,BABUSHKA LIGHTS STRING OF 10,2,12/1/2010 11:49,6.75,17920,United Kingdom
536412,20725,LUNCH BAG RED RETROSPOT,1,12/1/2010 11:49,1.65,17920,United Kingdom
536412,85184C,S/4 VALENTINE DECOUPAGE HEART BOX,1,12/1/2010 11:49,2.95,17920,United Kingdom
536412,21708,FOLDING UMBRELLA CREAM POLKADOT,1,12/1/2010 11:49,4.95,17920,United Kingdom
536412,22900, SET 2 TEA TOWELS I LOVE LONDON ,2,12/1/2010 11:49,2.95,17920,United Kingdom
536412,21706,FOLDING UMBRELLA RED/WHITE POLKADOT,1,12/1/2010 11:49,4.95,17920,United Kingdom
536412,22988,SOLDIERS EGG CUP ,6,12/1/2010 11:49,1.25,17920,United Kingdom
536412,85184C,S/4 VALENTINE DECOUPAGE HEART BOX,1,12/1/2010 11:49,2.95,17920,United Kingdom
536412,20750,RED RETROSPOT MINI CASES,1,12/1/2010 11:49,7.95,17920,United Kingdom
536414,22139,,56,12/1/2010 11:52,0,,United Kingdom
536415,22952,60 CAKE CASES VINTAGE CHRISTMAS,10,12/1/2010 11:57,0.55,12838,United Kingdom
536415,22910,PAPER CHAIN KIT VINTAGE CHRISTMAS,5,12/1/2010 11:57,2.95,12838,United Kingdom
536415,22739,RIBBON REEL CHRISTMAS SOCK BAUBLE,3,12/1/2010 11:57,1.65,12838,United Kingdom
536415,22738,RIBBON REEL SNOWY VILLAGE,3,12/1/2010 11:57,1.65,12838,United Kingdom
536415,22736,RIBBON REEL MAKING SNOWMEN ,3,12/1/2010 11:57,1.65,12838,United Kingdom
536415,22909,SET OF 20 VINTAGE CHRISTMAS NAPKINS,5,12/1/2010 11:57,0.85,12838,United Kingdom
536415,35591T,TURQUOISE CHRISTMAS TREE ,2,12/1/2010 11:57,1.25,12838,United Kingdom
536415,22186,RED STAR CARD HOLDER,5,12/1/2010 11:57,2.95,12838,United Kingdom
536415,22695,WICKER WREATH SMALL,3,12/1/2010 11:57,1.45,12838,United Kingdom
536415,22470,HEART OF WICKER LARGE,1,12/1/2010 11:57,2.95,12838,United Kingdom
536415,22580,ADVENT CALENDAR GINGHAM SACK,1,12/1/2010 11:57,5.95,12838,United Kingdom
536415,22469,HEART OF WICKER SMALL,5,12/1/2010 11:57,1.65,12838,United Kingdom
536415,22147,FELTCRAFT BUTTERFLY HEARTS,4,12/1/2010 11:57,1.45,12838,United Kingdom
536415,22130,PARTY CONE CHRISTMAS DECORATION ,6,12/1/2010 11:57,0.85,12838,United Kingdom
536415,21791,VINTAGE HEADS AND TAILS CARD GAME ,3,12/1/2010 11:57,1.25,12838,United Kingdom
536415,22694,WICKER STAR ,5,12/1/2010 11:57,2.1,12838,United Kingdom
536415,21790,VINTAGE SNAP CARDS,3,12/1/2010 11:57,0.85,12838,United Kingdom
536415,22149,FELTCRAFT 6 FLOWER FRIENDS,4,12/1/2010 11:57,2.1,12838,United Kingdom
536415,22900, SET 2 TEA TOWELS I LOVE LONDON ,3,12/1/2010 11:57,2.95,12838,United Kingdom
536415,22961,JAM MAKING SET PRINTED,3,12/1/2010 11:57,1.45,12838,United Kingdom
536415,22321,BIRD DECORATION RED RETROSPOT,12,12/1/2010 11:57,0.85,12838,United Kingdom
536415,22594,CHRISTMAS GINGHAM TREE,5,12/1/2010 11:57,0.85,12838,United Kingdom
536415,22593,CHRISTMAS GINGHAM STAR,4,12/1/2010 11:57,0.85,12838,United Kingdom
536415,22595,CHRISTMAS GINGHAM HEART,6,12/1/2010 11:57,0.85,12838,United Kingdom
536415,21986,PACK OF 12 PINK POLKADOT TISSUES,12,12/1/2010 11:57,0.29,12838,United Kingdom
536415,22750,FELTCRAFT PRINCESS LOLA DOLL,2,12/1/2010 11:57,3.75,12838,United Kingdom
536415,22616,PACK OF 12 LONDON TISSUES ,12,12/1/2010 11:57,0.29,12838,United Kingdom
536415,22775,PURPLE DRAWERKNOB ACRYLIC EDWARDIAN,1,12/1/2010 11:57,1.25,12838,United Kingdom
536415,22899,CHILDREN'S APRON DOLLY GIRL ,2,12/1/2010 11:57,2.1,12838,United Kingdom
536415,22367,CHILDRENS APRON SPACEBOY DESIGN,3,12/1/2010 11:57,1.95,12838,United Kingdom
536415,22942,CHRISTMAS LIGHTS 10 SANTAS ,3,12/1/2010 11:57,8.5,12838,United Kingdom
536415,22941,CHRISTMAS LIGHTS 10 REINDEER,3,12/1/2010 11:57,8.5,12838,United Kingdom
536415,22086,PAPER CHAIN KIT 50'S CHRISTMAS ,6,12/1/2010 11:57,2.95,12838,United Kingdom
536415,22940,FELTCRAFT CHRISTMAS FAIRY,2,12/1/2010 11:57,4.25,12838,United Kingdom
536415,21212,PACK OF 72 RETROSPOT CAKE CASES,2,12/1/2010 11:57,0.55,12838,United Kingdom
536415,21976,PACK OF 60 MUSHROOM CAKE CASES,2,12/1/2010 11:57,0.55,12838,United Kingdom
536415,22951,60 CAKE CASES DOLLY GIRL DESIGN,2,12/1/2010 11:57,0.55,12838,United Kingdom
536415,21977,PACK OF 60 PINK PAISLEY CAKE CASES,3,12/1/2010 11:57,0.55,12838,United Kingdom
536415,22834,HAND WARMER BABUSHKA DESIGN,3,12/1/2010 11:57,2.1,12838,United Kingdom
536415,22867,HAND WARMER BIRD DESIGN,3,12/1/2010 11:57,2.1,12838,United Kingdom
536415,22865,HAND WARMER OWL DESIGN,3,12/1/2010 11:57,2.1,12838,United Kingdom
536415,22632,HAND WARMER RED RETROSPOT,3,12/1/2010 11:57,2.1,12838,United Kingdom
536415,21916,SET 12 RETRO WHITE CHALK STICKS,2,12/1/2010 11:57,0.42,12838,United Kingdom
536415,22587,FELTCRAFT HAIRBAND RED AND BLUE,4,12/1/2010 11:57,0.85,12838,United Kingdom
536415,22566,FELTCRAFT HAIRBAND PINK AND PURPLE,3,12/1/2010 11:57,0.85,12838,United Kingdom
536415,22565,FELTCRAFT HAIRBANDS PINK AND WHITE ,3,12/1/2010 11:57,0.85,12838,United Kingdom
536415,22472,TV DINNER TRAY DOLLY GIRL,2,12/1/2010 11:57,4.95,12838,United Kingdom
536415,22557,PLASTERS IN TIN VINTAGE PAISLEY ,3,12/1/2010 11:57,1.65,12838,United Kingdom
536415,22551,PLASTERS IN TIN SPACEBOY,3,12/1/2010 11:57,1.65,12838,United Kingdom
536415,22554,PLASTERS IN TIN WOODLAND ANIMALS,3,12/1/2010 11:57,1.65,12838,United Kingdom
536415,22534,MAGIC DRAWING SLATE SPACEBOY ,3,12/1/2010 11:57,0.42,12838,United Kingdom
536415,22531,MAGIC DRAWING SLATE CIRCUS PARADE  ,3,12/1/2010 11:57,0.42,12838,United Kingdom
536415,22529,MAGIC DRAWING SLATE GO TO THE FAIR ,3,12/1/2010 11:57,0.42,12838,United Kingdom
536415,22530,MAGIC DRAWING SLATE DOLLY GIRL ,3,12/1/2010 11:57,0.42,12838,United Kingdom
536415,84032B,CHARLIE + LOLA RED HOT WATER BOTTLE,3,12/1/2010 11:57,2.95,12838,United Kingdom
536415,22837,HOT WATER BOTTLE BABUSHKA ,3,12/1/2010 11:57,4.65,12838,United Kingdom
536415,85049H,URBAN BLACK RIBBONS ,2,12/1/2010 11:57,1.25,12838,United Kingdom
536415,22749,FELTCRAFT PRINCESS CHARLOTTE DOLL,2,12/1/2010 11:57,3.75,12838,United Kingdom
536415,22807,SET OF 6 T-LIGHTS TOADSTOOLS,12,12/1/2010 11:57,2.95,12838,United Kingdom
536416,21494,ROTATING LEAVES T-LIGHT HOLDER,12,12/1/2010 11:58,1.25,13255,United Kingdom
536416,21915,RED  HARMONICA IN BOX ,72,12/1/2010 11:58,1.25,13255,United Kingdom
536416,22938,CUPCAKE LACE PAPER SET 6,12,12/1/2010 11:58,1.95,13255,United Kingdom
536416,22768,FAMILY PHOTO FRAME CORNICE,4,12/1/2010 11:58,9.95,13255,United Kingdom
536416,22767,TRIPLE PHOTO FRAME CORNICE ,4,12/1/2010 11:58,9.95,13255,United Kingdom
536416,82494L,WOODEN FRAME ANTIQUE WHITE ,6,12/1/2010 11:58,2.95,13255,United Kingdom
536420,21889,WOODEN BOX OF DOMINOES,12,12/1/2010 12:03,1.25,16583,United Kingdom
536420,21892,TRADITIONAL WOODEN CATCH CUP GAME ,12,12/1/2010 12:03,1.25,16583,United Kingdom
536420,21891,TRADITIONAL WOODEN SKIPPING ROPE,12,12/1/2010 12:03,1.25,16583,United Kingdom
536420,21890,S/6 WOODEN SKITTLES IN COTTON BAG,6,12/1/2010 12:03,2.95,16583,United Kingdom
536420,21718,RED METAL BEACH SPADE ,12,12/1/2010 12:03,1.25,16583,United Kingdom
536420,21716,BOYS VINTAGE TIN SEASIDE BUCKET,8,12/1/2010 12:03,2.55,16583,United Kingdom
536420,21715,GIRLS VINTAGE TIN SEASIDE BUCKET,8,12/1/2010 12:03,2.55,16583,United Kingdom
536420,22113,GREY HEART HOT WATER BOTTLE,4,12/1/2010 12:03,3.75,16583,United Kingdom
536420,22111,SCOTTIE DOG HOT WATER BOTTLE,3,12/1/2010 12:03,4.95,16583,United Kingdom
536420,22110,BIRD HOUSE HOT WATER BOTTLE,6,12/1/2010 12:03,2.55,16583,United Kingdom
536420,22358,KINGS CHOICE TEA CADDY ,6,12/1/2010 12:03,2.95,16583,United Kingdom
536420,22357,KINGS CHOICE BISCUIT TIN,4,12/1/2010 12:03,4.25,16583,United Kingdom